adm2_en,adm2_pcode,adm2_ref,adm2alt1_en,adm2alt2_en,adm1_en,adm1_pcode,adm0_en,adm0_pcode,date,validon,validto,area_sqkm
Baringo Central,KE030159,NA,NA,NA,Baringo,KE030,Kenya,KE,2017-11-03T00:00:00Z,2019-10-31T00:00:00Z,NA,661.69281005859375
Baringo North,KE030158,NA,NA,NA,Baringo,KE030,Kenya,KE,2017-11-03T00:00:00Z,2019-10-31T00:00:00Z,NA,1633.774536132812
Baringo South,KE030160,NA,Marigat,NA,Baringo,KE030,Kenya,KE,2017-11-03T00:00:00Z,2019-10-31T00:00:00Z,NA,1826.791625976562
Eldama Ravine,KE030162,NA,Koibatek,NA,Baringo,KE030,Kenya,KE,2017-11-03T00:00:00Z,2019-10-31T00:00:00Z,NA,932.69769287109375
Mogotio,KE030161,NA,NA,NA,Baringo,KE030,Kenya,KE,2017-11-03T00:00:00Z,2019-10-31T00:00:00Z,NA,1387.780517578125
Tiaty,KE030157,NA,East Pokot,Tiaty East,Baringo,KE030,Kenya,KE,2017-11-03T00:00:00Z,2019-10-31T00:00:00Z,NA,4446.501953125
Bomet Central,KE036197,NA,NA,NA,Bomet,KE036,Kenya,KE,2017-11-03T00:00:00Z,2019-10-31T00:00:00Z,NA,268.9505310058594
Bomet East,KE036196,NA,NA,NA,Bomet,KE036,Kenya,KE,2017-11-03T00:00:00Z,2019-10-31T00:00:00Z,NA,305.809814453125
Chepalungu,KE036195,NA,NA,NA,Bomet,KE036,Kenya,KE,2017-11-03T00:00:00Z,2019-10-31T00:00:00Z,NA,536.54638671875
Konoin,KE036198,NA,NA,NA,Bomet,KE036,Kenya,KE,2017-11-03T00:00:00Z,2019-10-31T00:00:00Z,NA,851.3751220703125
Sotik,KE036194,NA,NA,NA,Bomet,KE036,Kenya,KE,2017-11-03T00:00:00Z,2019-10-31T00:00:00Z,NA,475.5382385253906
Bumula,KE039219,NA,NA,NA,Bungoma,KE039,Kenya,KE,2017-11-03T00:00:00Z,2019-10-31T00:00:00Z,NA,345.3331909179688
Kabuchai,KE039218,NA,Bungoma Central,NA,Bungoma,KE039,Kenya,KE,2017-11-03T00:00:00Z,2019-10-31T00:00:00Z,NA,233.7437744140625
Kanduyi,KE039220,NA,Bungoma South,NA,Bungoma,KE039,Kenya,KE,2017-11-03T00:00:00Z,2019-10-31T00:00:00Z,NA,319.17919921875
Kimilili,KE039223,NA,Kimilili-Bungoma,NA,Bungoma,KE039,Kenya,KE,2017-11-03T00:00:00Z,2019-10-31T00:00:00Z,NA,177.4106750488281
Mt. Elgon,KE039216,NA,Cheptais,NA,Bungoma,KE039,Kenya,KE,2017-11-03T00:00:00Z,2019-10-31T00:00:00Z,NA,954.8994140625
Sirisia,KE039217,NA,Bungoma West,NA,Bungoma,KE039,Kenya,KE,2017-11-03T00:00:00Z,2019-10-31T00:00:00Z,NA,210.1429901123047
Tongaren,KE039224,NA,Bungoma North,NA,Bungoma,KE039,Kenya,KE,2017-11-03T00:00:00Z,2019-10-31T00:00:00Z,NA,375.4391784667969
Webuye East,KE039221,NA,Bungoma East,NA,Bungoma,KE039,Kenya,KE,2017-11-03T00:00:00Z,2019-10-31T00:00:00Z,NA,163.9555053710938
Webuye West,KE039222,NA,NA,NA,Bungoma,KE039,Kenya,KE,2017-11-03T00:00:00Z,2019-10-31T00:00:00Z,NA,236.0701904296875
Budalangi,KE040231,NA,NA,NA,Busia,KE040,Kenya,KE,2017-11-03T00:00:00Z,2019-10-31T00:00:00Z,NA,310.6363220214844
Butula,KE040229,NA,NA,NA,Busia,KE040,Kenya,KE,2017-11-03T00:00:00Z,2019-10-31T00:00:00Z,NA,242.9663848876953
Funyula,KE040230,NA,NA,NA,Busia,KE040,Kenya,KE,2017-11-03T00:00:00Z,2019-10-31T00:00:00Z,NA,273.3175964355469
Matayos,KE040228,NA,NA,NA,Busia,KE040,Kenya,KE,2017-11-03T00:00:00Z,2019-10-31T00:00:00Z,NA,193.9221496582031
Nambale,KE040227,NA,NA,NA,Busia,KE040,Kenya,KE,2017-11-03T00:00:00Z,2019-10-31T00:00:00Z,NA,232.3359222412109
Teso North,KE040225,NA,NA,NA,Busia,KE040,Kenya,KE,2017-11-03T00:00:00Z,2019-10-31T00:00:00Z,NA,254.073974609375
Teso South,KE040226,NA,NA,NA,Busia,KE040,Kenya,KE,2017-11-03T00:00:00Z,2019-10-31T00:00:00Z,NA,304.3193664550781
Keiyo North,KE028149,NA,NA,NA,Elgeyo-Marakwet,KE028,Kenya,KE,2017-11-03T00:00:00Z,2019-10-31T00:00:00Z,NA,541.85406494140625
Keiyo South,KE028150,NA,NA,NA,Elgeyo-Marakwet,KE028,Kenya,KE,2017-11-03T00:00:00Z,2019-10-31T00:00:00Z,NA,886.31158447265625
Marakwet East,KE028147,NA,NA,NA,Elgeyo-Marakwet,KE028,Kenya,KE,2017-11-03T00:00:00Z,2019-10-31T00:00:00Z,NA,810.53668212890625
Marakwet West,KE028148,NA,NA,NA,Elgeyo-Marakwet,KE028,Kenya,KE,2017-11-03T00:00:00Z,2019-10-31T00:00:00Z,NA,769.68890380859375
Gachoka,KE014065,NA,Mbeere South,NA,Embu,KE014,Kenya,KE,2017-11-03T00:00:00Z,2019-10-31T00:00:00Z,NA,1323.344970703125
Manyatta,KE014063,NA,NA,NA,Embu,KE014,Kenya,KE,2017-11-03T00:00:00Z,2019-10-31T00:00:00Z,NA,358.1193237304688
Runyenjes,KE014064,NA,NA,NA,Embu,KE014,Kenya,KE,2017-11-03T00:00:00Z,2019-10-31T00:00:00Z,NA,371.8306579589844
Siakago,KE014066,NA,Mbeere North,NA,Embu,KE014,Kenya,KE,2017-11-03T00:00:00Z,2019-10-31T00:00:00Z,NA,770.4019775390625
Balambala,KE007028,NA,NA,NA,Garissa,KE007,Kenya,KE,2017-11-03T00:00:00Z,2019-10-31T00:00:00Z,NA,4840.46337890625
Dadaab,KE007030,NA,NA,NA,Garissa,KE007,Kenya,KE,2017-11-03T00:00:00Z,2019-10-31T00:00:00Z,NA,6925.17529296875
Dujis,KE007027,NA,Garissa Township,NA,Garissa,KE007,Kenya,KE,2017-11-03T00:00:00Z,2019-10-31T00:00:00Z,NA,568.3626708984375
Fafi,KE007031,NA,Hulugho,NA,Garissa,KE007,Kenya,KE,2017-11-03T00:00:00Z,2019-10-31T00:00:00Z,NA,16583.3984375
Ijara,KE007032,NA,NA,NA,Garissa,KE007,Kenya,KE,2017-11-03T00:00:00Z,2019-10-31T00:00:00Z,NA,8224.787109375
Lagdera,KE007029,NA,NA,NA,Garissa,KE007,Kenya,KE,2017-11-03T00:00:00Z,2019-10-31T00:00:00Z,NA,6453.81103515625
Homa Bay,KE043249,NA,NA,NA,Homa Bay,KE043,Kenya,KE,2017-11-03T00:00:00Z,2019-10-31T00:00:00Z,NA,269.0400390625
Kabondo Kasipul,KE043246,NA,NA,NA,Homa Bay,KE043,Kenya,KE,2017-11-03T00:00:00Z,2019-10-31T00:00:00Z,NA,246.9146270751953
Karachuonyo,KE043247,NA,NA,NA,Homa Bay,KE043,Kenya,KE,2017-11-03T00:00:00Z,2019-10-31T00:00:00Z,NA,747.8074951171875
Kasipul,KE043245,NA,NA,NA,Homa Bay,KE043,Kenya,KE,2017-11-03T00:00:00Z,2019-10-31T00:00:00Z,NA,258.1202392578125
Ndhiwa,KE043250,NA,NA,NA,Homa Bay,KE043,Kenya,KE,2017-11-03T00:00:00Z,2019-10-31T00:00:00Z,NA,695.403076171875
Rangwe,KE043248,NA,NA,NA,Homa Bay,KE043,Kenya,KE,2017-11-03T00:00:00Z,2019-10-31T00:00:00Z,NA,290.7329406738281
Suba North,KE043251,NA,NA,NA,Homa Bay,KE043,Kenya,KE,2017-11-03T00:00:00Z,2019-10-31T00:00:00Z,NA,1050.867309570312
Suba South,KE043252,NA,NA,NA,Homa Bay,KE043,Kenya,KE,2017-11-03T00:00:00Z,2019-10-31T00:00:00Z,NA,1173.049194335938
Isiolo North,KE011049,NA,Merti,Isiolo,Isiolo,KE011,Kenya,KE,2017-11-03T00:00:00Z,2019-10-31T00:00:00Z,NA,15321.572265625
Isiolo South,KE011050,NA,Garbatulla,Gabatula,Isiolo,KE011,Kenya,KE,2017-11-03T00:00:00Z,2019-10-31T00:00:00Z,NA,10077.7568359375
Kajiado Central,KE034184,NA,NA,NA,Kajiado,KE034,Kenya,KE,2017-11-03T00:00:00Z,2019-10-31T00:00:00Z,NA,4305.31689453125
Kajiado East,KE034186,NA,Mashuru,Mashuuru,Kajiado,KE034,Kenya,KE,2017-11-03T00:00:00Z,2019-10-31T00:00:00Z,NA,3268.8037109375
Kajiado North,KE034183,NA,Isinya,NA,Kajiado,KE034,Kenya,KE,2017-11-03T00:00:00Z,2019-10-31T00:00:00Z,NA,112.4006118774414
Kajiado South,KE034187,NA,Loitoktok,Loitokitok,Kajiado,KE034,Kenya,KE,2017-11-03T00:00:00Z,2019-10-31T00:00:00Z,NA,6338.6708984375
Kajiado West,KE034185,NA,NA,NA,Kajiado,KE034,Kenya,KE,2017-11-03T00:00:00Z,2019-10-31T00:00:00Z,NA,7859.6484375
Butere,KE037207,NA,NA,NA,Kakamega,KE037,Kenya,KE,2017-11-03T00:00:00Z,2019-10-31T00:00:00Z,NA,209.2274322509766
Ikolomani,KE037210,NA,NA,NA,Kakamega,KE037,Kenya,KE,2017-11-03T00:00:00Z,2019-10-31T00:00:00Z,NA,143.8353424072266
Khwisero,KE037208,NA,NA,NA,Kakamega,KE037,Kenya,KE,2017-11-03T00:00:00Z,2019-10-31T00:00:00Z,NA,144.4163513183594
Likuyani,KE037200,NA,NA,NA,Kakamega,KE037,Kenya,KE,2017-11-03T00:00:00Z,2019-10-31T00:00:00Z,NA,301.248046875
Lugari,KE037199,NA,NA,NA,Kakamega,KE037,Kenya,KE,2017-11-03T00:00:00Z,2019-10-31T00:00:00Z,NA,367.7707214355469
Lurambi,KE037202,NA,NA,NA,Kakamega,KE037,Kenya,KE,2017-11-03T00:00:00Z,2019-10-31T00:00:00Z,NA,161.6921234130859
Malava,KE037201,NA,NA,NA,Kakamega,KE037,Kenya,KE,2017-11-03T00:00:00Z,2019-10-31T00:00:00Z,NA,422.9586181640625
Matungu,KE037206,NA,NA,NA,Kakamega,KE037,Kenya,KE,2017-11-03T00:00:00Z,2019-10-31T00:00:00Z,NA,277.8104858398438
Mumias East,KE037205,NA,NA,NA,Kakamega,KE037,Kenya,KE,2017-11-03T00:00:00Z,2019-10-31T00:00:00Z,NA,174.9698791503906
Mumias West,KE037204,NA,NA,NA,Kakamega,KE037,Kenya,KE,2017-11-03T00:00:00Z,2019-10-31T00:00:00Z,NA,138.3354797363281
Navakholo,KE037203,NA,NA,NA,Kakamega,KE037,Kenya,KE,2017-11-03T00:00:00Z,2019-10-31T00:00:00Z,NA,257.4182434082031
Shinyalu,KE037209,NA,NA,NA,Kakamega,KE037,Kenya,KE,2017-11-03T00:00:00Z,2019-10-31T00:00:00Z,NA,408.336669921875
Ainamoi,KE035190,NA,NA,NA,Kericho,KE035,Kenya,KE,2017-11-03T00:00:00Z,2019-10-31T00:00:00Z,NA,245.6444396972656
Belgut,KE035192,NA,NA,NA,Kericho,KE035,Kenya,KE,2017-11-03T00:00:00Z,2019-10-31T00:00:00Z,NA,382.7289123535156
Buret,KE035191,NA,NA,NA,Kericho,KE035,Kenya,KE,2017-11-03T00:00:00Z,2019-10-31T00:00:00Z,NA,315.7070617675781
Kipkelion East,KE035188,NA,NA,NA,Kericho,KE035,Kenya,KE,2017-11-03T00:00:00Z,2019-10-31T00:00:00Z,NA,752.4439697265625
Kipkelion West,KE035189,NA,NA,NA,Kericho,KE035,Kenya,KE,2017-11-03T00:00:00Z,2019-10-31T00:00:00Z,NA,352.3030700683594
Sigowet/Soin,KE035193,NA,NA,NA,Kericho,KE035,Kenya,KE,2017-11-03T00:00:00Z,2019-10-31T00:00:00Z,NA,464.3832702636719
Gatundu North,KE022112,NA,NA,NA,Kiambu,KE022,Kenya,KE,2017-11-03T00:00:00Z,2019-10-31T00:00:00Z,NA,234.5355682373047
Gatundu South,KE022111,NA,NA,NA,Kiambu,KE022,Kenya,KE,2017-11-03T00:00:00Z,2019-10-31T00:00:00Z,NA,221.6983795166016
Githunguri,KE022116,NA,NA,NA,Kiambu,KE022,Kenya,KE,2017-11-03T00:00:00Z,2019-10-31T00:00:00Z,NA,172.9838714599609
Juja,KE022113,NA,NA,NA,Kiambu,KE022,Kenya,KE,2017-11-03T00:00:00Z,2019-10-31T00:00:00Z,NA,373.4433898925781
Kabete,KE022119,NA,NA,NA,Kiambu,KE022,Kenya,KE,2017-11-03T00:00:00Z,2019-10-31T00:00:00Z,NA,56.22026824951172
Kiambaa,KE022118,NA,NA,NA,Kiambu,KE022,Kenya,KE,2017-11-03T00:00:00Z,2019-10-31T00:00:00Z,NA,88.6646728515625
Kiambu,KE022117,NA,NA,NA,Kiambu,KE022,Kenya,KE,2017-11-03T00:00:00Z,2019-10-31T00:00:00Z,NA,97.99088287353516
Kikuyu,KE022120,NA,NA,NA,Kiambu,KE022,Kenya,KE,2017-11-03T00:00:00Z,2019-10-31T00:00:00Z,NA,174.3073883056641
Lari,KE022122,NA,NA,NA,Kiambu,KE022,Kenya,KE,2017-11-03T00:00:00Z,2019-10-31T00:00:00Z,NA,465.9374084472656
Limuru,KE022121,NA,NA,NA,Kiambu,KE022,Kenya,KE,2017-11-03T00:00:00Z,2019-10-31T00:00:00Z,NA,284.9660339355469
Ruiru,KE022115,NA,NA,NA,Kiambu,KE022,Kenya,KE,2017-11-03T00:00:00Z,2019-10-31T00:00:00Z,NA,153.1184387207031
Thika Town,KE022114,NA,NA,NA,Kiambu,KE022,Kenya,KE,2017-11-03T00:00:00Z,2019-10-31T00:00:00Z,NA,219.1053771972656
Ganze,KE003015,NA,Kauma,NA,Kilifi,KE003,Kenya,KE,2017-11-03T00:00:00Z,2019-10-31T00:00:00Z,NA,2934.5498046875
Kaloleni,KE003013,NA,NA,NA,Kilifi,KE003,Kenya,KE,2017-11-03T00:00:00Z,2019-10-31T00:00:00Z,NA,668.3055419921875
Kilifi North,KE003011,NA,NA,NA,Kilifi,KE003,Kenya,KE,2017-11-03T00:00:00Z,2019-10-31T00:00:00Z,NA,784.42578125
Kilifi South,KE003012,NA,Chonyi,NA,Kilifi,KE003,Kenya,KE,2017-11-03T00:00:00Z,2019-10-31T00:00:00Z,NA,424.2839965820312
Magarini,KE003017,NA,NA,NA,Kilifi,KE003,Kenya,KE,2017-11-03T00:00:00Z,2019-10-31T00:00:00Z,NA,6977.02001953125
Malindi,KE003016,NA,NA,NA,Kilifi,KE003,Kenya,KE,2017-11-03T00:00:00Z,2019-10-31T00:00:00Z,NA,576.7576904296875
Rabai,KE003014,NA,NA,NA,Kilifi,KE003,Kenya,KE,2017-11-03T00:00:00Z,2019-10-31T00:00:00Z,NA,233.9353332519531
Gichugu,KE020101,NA,Kirinyaga East,NA,Kirinyaga,KE020,Kenya,KE,2017-11-03T00:00:00Z,2019-10-31T00:00:00Z,NA,467.1112670898438
Kirinyaga Central,KE020103,NA,NA,NA,Kirinyaga,KE020,Kenya,KE,2017-11-03T00:00:00Z,2019-10-31T00:00:00Z,NA,237.263671875
Mwea,KE020100,NA,Mwea East,Mwea West,Kirinyaga,KE020,Kenya,KE,2017-11-03T00:00:00Z,2019-10-31T00:00:00Z,NA,432.5062255859375
Ndia,KE020102,NA,Kirinyaga West,NA,Kirinyaga,KE020,Kenya,KE,2017-11-03T00:00:00Z,2019-10-31T00:00:00Z,NA,338.3988037109375
Bobasi,KE045264,NA,NA,NA,Kisii,KE045,Kenya,KE,2017-11-03T00:00:00Z,2019-10-31T00:00:00Z,NA,240.3522338867188
Bomachoge Borabu,KE045263,NA,NA,NA,Kisii,KE045,Kenya,KE,2017-11-03T00:00:00Z,2019-10-31T00:00:00Z,NA,114.1512756347656
Bomachoge Chache,KE045265,NA,NA,NA,Kisii,KE045,Kenya,KE,2017-11-03T00:00:00Z,2019-10-31T00:00:00Z,NA,101.9977416992188
Bonchari,KE045261,NA,NA,NA,Kisii,KE045,Kenya,KE,2017-11-03T00:00:00Z,2019-10-31T00:00:00Z,NA,126.67822265625
Kitutu Chache North,KE045268,NA,NA,NA,Kisii,KE045,Kenya,KE,2017-11-03T00:00:00Z,2019-10-31T00:00:00Z,NA,130.4313201904297
Kitutu Chache South,KE045269,NA,NA,NA,Kisii,KE045,Kenya,KE,2017-11-03T00:00:00Z,2019-10-31T00:00:00Z,NA,97.57301330566406
Nyaribari Chache,KE045267,NA,NA,NA,Kisii,KE045,Kenya,KE,2017-11-03T00:00:00Z,2019-10-31T00:00:00Z,NA,135.9544525146484
Nyaribari Masaba,KE045266,NA,NA,NA,Kisii,KE045,Kenya,KE,2017-11-03T00:00:00Z,2019-10-31T00:00:00Z,NA,159.1722259521484
South Mugirango,KE045262,NA,NA,NA,Kisii,KE045,Kenya,KE,2017-11-03T00:00:00Z,2019-10-31T00:00:00Z,NA,207.4239196777344
Kisumu Central,KE042240,NA,NA,NA,Kisumu,KE042,Kenya,KE,2017-11-03T00:00:00Z,2019-10-31T00:00:00Z,NA,68.31214141845703
Kisumu East,KE042238,NA,NA,NA,Kisumu,KE042,Kenya,KE,2017-11-03T00:00:00Z,2019-10-31T00:00:00Z,NA,165.4524078369141
Kisumu West,KE042239,NA,NA,NA,Kisumu,KE042,Kenya,KE,2017-11-03T00:00:00Z,2019-10-31T00:00:00Z,NA,312.357421875
Muhoroni,KE042243,NA,NA,NA,Kisumu,KE042,Kenya,KE,2017-11-03T00:00:00Z,2019-10-31T00:00:00Z,NA,664.18701171875
Nyakach,KE042244,NA,NA,NA,Kisumu,KE042,Kenya,KE,2017-11-03T00:00:00Z,2019-10-31T00:00:00Z,NA,402.5355224609375
Nyando,KE042242,NA,NA,NA,Kisumu,KE042,Kenya,KE,2017-11-03T00:00:00Z,2019-10-31T00:00:00Z,NA,603.087646484375
Seme,KE042241,NA,NA,NA,Kisumu,KE042,Kenya,KE,2017-11-03T00:00:00Z,2019-10-31T00:00:00Z,NA,449.10400390625
Kitui Central,KE015072,NA,NA,NA,Kitui,KE015,Kenya,KE,2017-11-03T00:00:00Z,2019-10-31T00:00:00Z,NA,728.558837890625
Kitui East,KE015073,NA,NA,NA,Kitui,KE015,Kenya,KE,2017-11-03T00:00:00Z,2019-10-31T00:00:00Z,NA,4726.47802734375
Kitui Rural,KE015071,NA,Kisasi,NA,Kitui,KE015,Kenya,KE,2017-11-03T00:00:00Z,2019-10-31T00:00:00Z,NA,1529.265014648438
Kitui South,KE015074,NA,Ikutha,Katulani,Kitui,KE015,Kenya,KE,2017-11-03T00:00:00Z,2019-10-31T00:00:00Z,NA,12719.353515625
Kitui West,KE015070,NA,NA,NA,Kitui,KE015,Kenya,KE,2017-11-03T00:00:00Z,2019-10-31T00:00:00Z,NA,630.34320068359375
Mwingi East,KE015069,NA,NA,NA,Kitui,KE015,Kenya,KE,2017-11-03T00:00:00Z,2019-10-31T00:00:00Z,NA,4244.865234375
Mwingi North,KE015067,NA,Migwani,NA,Kitui,KE015,Kenya,KE,2017-11-03T00:00:00Z,2019-10-31T00:00:00Z,NA,4697.32080078125
Mwingi West,KE015068,NA,NA,NA,Kitui,KE015,Kenya,KE,2017-11-03T00:00:00Z,2019-10-31T00:00:00Z,NA,1180.626342773438
Kinango,KE002010,NA,Samburu,NA,Kwale,KE002,Kenya,KE,2017-11-03T00:00:00Z,2019-10-31T00:00:00Z,NA,4833.6796875
Lunga Lunga,KE002008,NA,NA,NA,Kwale,KE002,Kenya,KE,2017-11-03T00:00:00Z,2019-10-31T00:00:00Z,NA,2018.801391601562
Matuga,KE002009,NA,NA,NA,Kwale,KE002,Kenya,KE,2017-11-03T00:00:00Z,2019-10-31T00:00:00Z,NA,1053.85205078125
Msambweni,KE002007,NA,NA,NA,Kwale,KE002,Kenya,KE,2017-11-03T00:00:00Z,2019-10-31T00:00:00Z,NA,359.6965637207031
Laikipia East,KE031164,NA,NA,NA,Laikipia,KE031,Kenya,KE,2017-11-03T00:00:00Z,2019-10-31T00:00:00Z,NA,3222.26025390625
Laikipia North,KE031165,NA,NA,NA,Laikipia,KE031,Kenya,KE,2017-11-03T00:00:00Z,2019-10-31T00:00:00Z,NA,4916.20068359375
Laikipia West,KE031163,NA,NA,NA,Laikipia,KE031,Kenya,KE,2017-11-03T00:00:00Z,2019-10-31T00:00:00Z,NA,1398.459838867188
Lamu East,KE005021,NA,NA,NA,Lamu,KE005,Kenya,KE,2017-11-03T00:00:00Z,2019-10-31T00:00:00Z,NA,2153.482421875
Lamu West,KE005022,NA,NA,NA,Lamu,KE005,Kenya,KE,2017-11-03T00:00:00Z,2019-10-31T00:00:00Z,NA,3893.538330078125
Kangundo,KE016077,NA,NA,NA,Machakos,KE016,Kenya,KE,2017-11-03T00:00:00Z,2019-10-31T00:00:00Z,NA,171.0052947998047
Kathiani,KE016079,NA,NA,NA,Machakos,KE016,Kenya,KE,2017-11-03T00:00:00Z,2019-10-31T00:00:00Z,NA,206.0111236572266
Machakos Town,KE016081,NA,Kalama,Machakos,Machakos,KE016,Kenya,KE,2017-11-03T00:00:00Z,2019-10-31T00:00:00Z,NA,757.05682373046875
Masinga,KE016075,NA,NA,NA,Machakos,KE016,Kenya,KE,2017-11-03T00:00:00Z,2019-10-31T00:00:00Z,NA,1406.428100585938
Matungulu,KE016078,NA,NA,NA,Machakos,KE016,Kenya,KE,2017-11-03T00:00:00Z,2019-10-31T00:00:00Z,NA,581.4158935546875
Mavoko,KE016080,NA,Athi River,NA,Machakos,KE016,Kenya,KE,2017-11-03T00:00:00Z,2019-10-31T00:00:00Z,NA,842.5677490234375
Mwala,KE016082,NA,NA,NA,Machakos,KE016,Kenya,KE,2017-11-03T00:00:00Z,2019-10-31T00:00:00Z,NA,1018.840026855469
Yatta,KE016076,NA,NA,NA,Machakos,KE016,Kenya,KE,2017-11-03T00:00:00Z,2019-10-31T00:00:00Z,NA,1060.933715820312
Kaiti,KE017085,NA,Kilungu,NA,Makueni,KE017,Kenya,KE,2017-11-03T00:00:00Z,2019-10-31T00:00:00Z,NA,404.2863464355469
Kibwezi East,KE017088,NA,Kibwezi,NA,Makueni,KE017,Kenya,KE,2017-11-03T00:00:00Z,2019-10-31T00:00:00Z,NA,2219.572998046875
Kibwezi West,KE017087,NA,Makindu,NA,Makueni,KE017,Kenya,KE,2017-11-03T00:00:00Z,2019-10-31T00:00:00Z,NA,1767.545532226562
Kilome,KE017084,NA,Mukaa,NA,Makueni,KE017,Kenya,KE,2017-11-03T00:00:00Z,2019-10-31T00:00:00Z,NA,823.269287109375
Makueni,KE017086,NA,Nzaui,Kathonzweni,Makueni,KE017,Kenya,KE,2017-11-03T00:00:00Z,2019-10-31T00:00:00Z,NA,1979.755859375
Mbooni,KE017083,NA,Mbooni East,Mbooni West,Makueni,KE017,Kenya,KE,2017-11-03T00:00:00Z,2019-10-31T00:00:00Z,NA,980.42327880859375
Banissa,KE009040,NA,NA,NA,Mandera,KE009,Kenya,KE,2017-11-03T00:00:00Z,2019-10-31T00:00:00Z,NA,3038.61328125
Lafey,KE009044,NA,NA,NA,Mandera,KE009,Kenya,KE,2017-11-03T00:00:00Z,2019-10-31T00:00:00Z,NA,3543.549560546875
Mandera East,KE009043,NA,NA,NA,Mandera,KE009,Kenya,KE,2017-11-03T00:00:00Z,2019-10-31T00:00:00Z,NA,2551.358154296875
Mandera North,KE009041,NA,NA,NA,Mandera,KE009,Kenya,KE,2017-11-03T00:00:00Z,2019-10-31T00:00:00Z,NA,6129.76611328125
Mandera South,KE009042,NA,Kutulo,Mandera Central,Mandera,KE009,Kenya,KE,2017-11-03T00:00:00Z,2019-10-31T00:00:00Z,NA,5541.341796875
Mandera West,KE009039,NA,NA,NA,Mandera,KE009,Kenya,KE,2017-11-03T00:00:00Z,2019-10-31T00:00:00Z,NA,5174.6435546875
Laisamis,KE010048,NA,Marsabit South,Loyangalani,Marsabit,KE010,Kenya,KE,2017-11-03T00:00:00Z,2019-10-31T00:00:00Z,NA,24080.16796875
Moyale,KE010045,NA,Sololo,NA,Marsabit,KE010,Kenya,KE,2017-11-03T00:00:00Z,2019-10-31T00:00:00Z,NA,9343.7822265625
North Horr,KE010046,NA,Chalbi,Marsabit North,Marsabit,KE010,Kenya,KE,2017-11-03T00:00:00Z,2019-10-31T00:00:00Z,NA,40557.34765625
Saku,KE010047,NA,Marsabit Central,NA,Marsabit,KE010,Kenya,KE,2017-11-03T00:00:00Z,2019-10-31T00:00:00Z,NA,2046.537719726562
Buuri,KE012057,NA,Buuri East,Buuri West,Meru,KE012,Kenya,KE,2017-11-03T00:00:00Z,2019-10-31T00:00:00Z,NA,1314.857666015625
Cental Imenti,KE012058,NA,Meru Central,NA,Meru,KE012,Kenya,KE,2017-11-03T00:00:00Z,2019-10-31T00:00:00Z,NA,771.8570556640625
Igembe Central,KE012052,NA,NA,NA,Meru,KE012,Kenya,KE,2017-11-03T00:00:00Z,2019-10-31T00:00:00Z,NA,802.3614501953125
Igembe North,KE012053,NA,NA,NA,Meru,KE012,Kenya,KE,2017-11-03T00:00:00Z,2019-10-31T00:00:00Z,NA,1075.914306640625
Igembe South,KE012051,NA,NA,NA,Meru,KE012,Kenya,KE,2017-11-03T00:00:00Z,2019-10-31T00:00:00Z,NA,839.06396484375
North Imenti,KE012056,NA,Imenti North,NA,Meru,KE012,Kenya,KE,2017-11-03T00:00:00Z,2019-10-31T00:00:00Z,NA,301.9828491210938
South Imenti,KE012059,NA,Imenti South,NA,Meru,KE012,Kenya,KE,2017-11-03T00:00:00Z,2019-10-31T00:00:00Z,NA,661.69866943359375
Tigania East,KE012055,NA,Tigania Central,NA,Meru,KE012,Kenya,KE,2017-11-03T00:00:00Z,2019-10-31T00:00:00Z,NA,833.3162841796875
Tigania West,KE012054,NA,NA,NA,Meru,KE012,Kenya,KE,2017-11-03T00:00:00Z,2019-10-31T00:00:00Z,NA,391.4922790527344
Awendo,KE044254,NA,NA,NA,Migori,KE044,Kenya,KE,2017-11-03T00:00:00Z,2019-10-31T00:00:00Z,NA,262.95947265625
Kuria East,KE044260,NA,NA,NA,Migori,KE044,Kenya,KE,2017-11-03T00:00:00Z,2019-10-31T00:00:00Z,NA,238.2397308349609
Kuria West,KE044259,NA,NA,NA,Migori,KE044,Kenya,KE,2017-11-03T00:00:00Z,2019-10-31T00:00:00Z,NA,341.80859375
Nyatike,KE044258,NA,NA,NA,Migori,KE044,Kenya,KE,2017-11-03T00:00:00Z,2019-10-31T00:00:00Z,NA,1214.092895507812
Rongo,KE044253,NA,NA,NA,Migori,KE044,Kenya,KE,2017-11-03T00:00:00Z,2019-10-31T00:00:00Z,NA,212.5794219970703
Suna East,KE044255,NA,NA,NA,Migori,KE044,Kenya,KE,2017-11-03T00:00:00Z,2019-10-31T00:00:00Z,NA,206.6816253662109
Suna West,KE044256,NA,NA,NA,Migori,KE044,Kenya,KE,2017-11-03T00:00:00Z,2019-10-31T00:00:00Z,NA,284.1570739746094
Uriri,KE044257,NA,NA,NA,Migori,KE044,Kenya,KE,2017-11-03T00:00:00Z,2019-10-31T00:00:00Z,NA,383.779296875
Changamwe,KE001001,NA,NA,NA,Mombasa,KE001,Kenya,KE,2017-11-03T00:00:00Z,2019-10-31T00:00:00Z,NA,22.7648983001709
Jomvu,KE001002,NA,NA,NA,Mombasa,KE001,Kenya,KE,2017-11-03T00:00:00Z,2019-10-31T00:00:00Z,NA,31.72088432312012
Kisauni,KE001003,NA,NA,NA,Mombasa,KE001,Kenya,KE,2017-11-03T00:00:00Z,2019-10-31T00:00:00Z,NA,89.526580810546875
Likoni,KE001005,NA,NA,NA,Mombasa,KE001,Kenya,KE,2017-11-03T00:00:00Z,2019-10-31T00:00:00Z,NA,52.07635498046875
Mvita,KE001006,NA,NA,NA,Mombasa,KE001,Kenya,KE,2017-11-03T00:00:00Z,2019-10-31T00:00:00Z,NA,14.71895885467529
Nyali,KE001004,NA,NA,NA,Mombasa,KE001,Kenya,KE,2017-11-03T00:00:00Z,2019-10-31T00:00:00Z,NA,22.80051231384277
Gatanga,KE021110,NA,NA,NA,Murang'a,KE021,Kenya,KE,2017-11-03T00:00:00Z,2019-10-31T00:00:00Z,NA,600.6107177734375
Kandara,KE021109,NA,NA,NA,Murang'a,KE021,Kenya,KE,2017-11-03T00:00:00Z,2019-10-31T00:00:00Z,NA,209.9440155029297
Kangema,KE021104,NA,NA,NA,Murang'a,KE021,Kenya,KE,2017-11-03T00:00:00Z,2019-10-31T00:00:00Z,NA,351.3077392578125
Kigumo,KE021107,NA,NA,NA,Murang'a,KE021,Kenya,KE,2017-11-03T00:00:00Z,2019-10-31T00:00:00Z,NA,316.2422180175781
Kiharu,KE021106,NA,NA,NA,Murang'a,KE021,Kenya,KE,2017-11-03T00:00:00Z,2019-10-31T00:00:00Z,NA,305.6880493164062
Maragwa,KE021108,NA,NA,NA,Murang'a,KE021,Kenya,KE,2017-11-03T00:00:00Z,2019-10-31T00:00:00Z,NA,461.9839172363281
Mathioya,KE021105,NA,NA,NA,Murang'a,KE021,Kenya,KE,2017-11-03T00:00:00Z,2019-10-31T00:00:00Z,NA,279.7182312011719
Dagoretti,KE047276,NA,NA,NA,Nairobi,KE047,Kenya,KE,2017-11-03T00:00:00Z,2019-10-31T00:00:00Z,NA,24.44505882263184
Embakasi Central,KE047284,NA,NA,NA,Nairobi,KE047,Kenya,KE,2017-11-03T00:00:00Z,2019-10-31T00:00:00Z,NA,8.182378768920898
Embakasi East,KE047285,NA,NA,NA,Nairobi,KE047,Kenya,KE,2017-11-03T00:00:00Z,2019-10-31T00:00:00Z,NA,85.84393310546875
Embakasi North,KE047283,NA,NA,NA,Nairobi,KE047,Kenya,KE,2017-11-03T00:00:00Z,2019-10-31T00:00:00Z,NA,5.429279804229736
Embakasi South,KE047282,NA,NA,NA,Nairobi,KE047,Kenya,KE,2017-11-03T00:00:00Z,2019-10-31T00:00:00Z,NA,17.54935073852539
Embakasi West,KE047286,NA,NA,NA,Nairobi,KE047,Kenya,KE,2017-11-03T00:00:00Z,2019-10-31T00:00:00Z,NA,9.760805130004883
Kamukunji,KE047288,NA,NA,NA,Nairobi,KE047,Kenya,KE,2017-11-03T00:00:00Z,2019-10-31T00:00:00Z,NA,8.837454795837402
Kasarani,KE047280,NA,Njiru,NA,Nairobi,KE047,Kenya,KE,2017-11-03T00:00:00Z,2019-10-31T00:00:00Z,NA,136.2742156982422
Kibra,KE047278,NA,NA,NA,Nairobi,KE047,Kenya,KE,2017-11-03T00:00:00Z,2019-10-31T00:00:00Z,NA,12.33031749725342
Kilimani,KE047275,NA,NA,NA,Nairobi,KE047,Kenya,KE,2017-11-03T00:00:00Z,2019-10-31T00:00:00Z,NA,29.3557243347168
Langata,KE047277,NA,Lang'ata,NA,Nairobi,KE047,Kenya,KE,2017-11-03T00:00:00Z,2019-10-31T00:00:00Z,NA,209.8090972900391
Makadara,KE047287,NA,NA,NA,Nairobi,KE047,Kenya,KE,2017-11-03T00:00:00Z,2019-10-31T00:00:00Z,NA,11.99723434448242
Mathare,KE047290,NA,NA,NA,Nairobi,KE047,Kenya,KE,2017-11-03T00:00:00Z,2019-10-31T00:00:00Z,NA,2.902835845947266
Roysambu,KE047279,NA,NA,NA,Nairobi,KE047,Kenya,KE,2017-11-03T00:00:00Z,2019-10-31T00:00:00Z,NA,48.1043586730957
Ruaraka,KE047281,NA,NA,NA,Nairobi,KE047,Kenya,KE,2017-11-03T00:00:00Z,2019-10-31T00:00:00Z,NA,7.179671764373779
Starehe,KE047289,NA,NA,NA,Nairobi,KE047,Kenya,KE,2017-11-03T00:00:00Z,2019-10-31T00:00:00Z,NA,16.83635330200195
Westlands,KE047274,NA,NA,NA,Nairobi,KE047,Kenya,KE,2017-11-03T00:00:00Z,2019-10-31T00:00:00Z,NA,72.704254150390625
Bahati,KE032174,NA,NA,NA,Nakuru,KE032,Kenya,KE,2017-11-03T00:00:00Z,2019-10-31T00:00:00Z,NA,298.2977600097656
Gilgil,KE032169,NA,NA,NA,Nakuru,KE032,Kenya,KE,2017-11-03T00:00:00Z,2019-10-31T00:00:00Z,NA,1263.964599609375
Kuresoi North,KE032171,NA,NA,NA,Nakuru,KE032,Kenya,KE,2017-11-03T00:00:00Z,2019-10-31T00:00:00Z,NA,611.464599609375
Kuresoi South,KE032170,NA,NA,NA,Nakuru,KE032,Kenya,KE,2017-11-03T00:00:00Z,2019-10-31T00:00:00Z,NA,524.9326171875
Molo,KE032166,NA,NA,NA,Nakuru,KE032,Kenya,KE,2017-11-03T00:00:00Z,2019-10-31T00:00:00Z,NA,511.1366271972656
Naivasha,KE032168,NA,NA,NA,Nakuru,KE032,Kenya,KE,2017-11-03T00:00:00Z,2019-10-31T00:00:00Z,NA,1721.7744140625
Nakuru Town East,KE032176,NA,NA,NA,Nakuru,KE032,Kenya,KE,2017-11-03T00:00:00Z,2019-10-31T00:00:00Z,NA,157.4052124023438
Nakuru Town West,KE032175,NA,NA,NA,Nakuru,KE032,Kenya,KE,2017-11-03T00:00:00Z,2019-10-31T00:00:00Z,NA,139.8916473388672
Njoro,KE032167,NA,NA,NA,Nakuru,KE032,Kenya,KE,2017-11-03T00:00:00Z,2019-10-31T00:00:00Z,NA,782.5006103515625
Rongai,KE032173,NA,NA,NA,Nakuru,KE032,Kenya,KE,2017-11-03T00:00:00Z,2019-10-31T00:00:00Z,NA,1021.449279785156
Subukia,KE032172,NA,NA,NA,Nakuru,KE032,Kenya,KE,2017-11-03T00:00:00Z,2019-10-31T00:00:00Z,NA,454.2550354003906
Aldai,KE029152,NA,NA,NA,Nandi,KE029,Kenya,KE,2017-11-03T00:00:00Z,2019-10-31T00:00:00Z,NA,467.7442626953125
Chesumei,KE029154,NA,NA,NA,Nandi,KE029,Kenya,KE,2017-11-03T00:00:00Z,2019-10-31T00:00:00Z,NA,486.081298828125
Emgwen,KE029155,NA,NA,NA,Nandi,KE029,Kenya,KE,2017-11-03T00:00:00Z,2019-10-31T00:00:00Z,NA,362.8942260742188
Mosop,KE029156,NA,NA,NA,Nandi,KE029,Kenya,KE,2017-11-03T00:00:00Z,2019-10-31T00:00:00Z,NA,584.29754638671875
Nandi Hills,KE029153,NA,NA,NA,Nandi,KE029,Kenya,KE,2017-11-03T00:00:00Z,2019-10-31T00:00:00Z,NA,393.0799865722656
Tinderet,KE029151,NA,NA,NA,Nandi,KE029,Kenya,KE,2017-11-03T00:00:00Z,2019-10-31T00:00:00Z,NA,541.689208984375
Emurua Dikirr,KE033178,NA,Transmara East,NA,Narok,KE033,Kenya,KE,2017-11-03T00:00:00Z,2019-10-31T00:00:00Z,NA,325.0781555175781
Kilgoris,KE033177,NA,Transmara West,NA,Narok,KE033,Kenya,KE,2017-11-03T00:00:00Z,2019-10-31T00:00:00Z,NA,2538.8642578125
Narok East,KE033180,NA,NA,NA,Narok,KE033,Kenya,KE,2017-11-03T00:00:00Z,2019-10-31T00:00:00Z,NA,2046.767822265625
Narok North,KE033179,NA,NA,NA,Narok,KE033,Kenya,KE,2017-11-03T00:00:00Z,2019-10-31T00:00:00Z,NA,2723.427490234375
Narok South,KE033181,NA,NA,NA,Narok,KE033,Kenya,KE,2017-11-03T00:00:00Z,2019-10-31T00:00:00Z,NA,4831.4189453125
Narok West,KE033182,NA,NA,NA,Narok,KE033,Kenya,KE,2017-11-03T00:00:00Z,2019-10-31T00:00:00Z,NA,5446.6298828125
Borabu,KE046273,NA,NA,NA,Nyamira,KE046,Kenya,KE,2017-11-03T00:00:00Z,2019-10-31T00:00:00Z,NA,293.2818298339844
Kitutu Masaba,KE046270,NA,NA,NA,Nyamira,KE046,Kenya,KE,2017-11-03T00:00:00Z,2019-10-31T00:00:00Z,NA,253.7003936767578
North Mugirango,KE046272,NA,NA,NA,Nyamira,KE046,Kenya,KE,2017-11-03T00:00:00Z,2019-10-31T00:00:00Z,NA,170.3484497070312
West Mugirango,KE046271,NA,NA,NA,Nyamira,KE046,Kenya,KE,2017-11-03T00:00:00Z,2019-10-31T00:00:00Z,NA,179.8222045898438
Kinangop,KE018089,NA,NA,NA,Nyandarua,KE018,Kenya,KE,2017-11-03T00:00:00Z,2019-10-31T00:00:00Z,NA,538.88433837890625
Kipipiri,KE018090,NA,NA,NA,Nyandarua,KE018,Kenya,KE,2017-11-03T00:00:00Z,2019-10-31T00:00:00Z,NA,941.17645263671875
Ndaragwa,KE018093,NA,NA,NA,Nyandarua,KE018,Kenya,KE,2017-11-03T00:00:00Z,2019-10-31T00:00:00Z,NA,874.08575439453125
Ol Jorok,KE018092,NA,NA,NA,Nyandarua,KE018,Kenya,KE,2017-11-03T00:00:00Z,2019-10-31T00:00:00Z,NA,625.380126953125
Ol Kalou,KE018091,NA,NA,NA,Nyandarua,KE018,Kenya,KE,2017-11-03T00:00:00Z,2019-10-31T00:00:00Z,NA,287.1991882324219
Kieni,KE019095,NA,Kieni East,Kieni West,Nyeri,KE019,Kenya,KE,2017-11-03T00:00:00Z,2019-10-31T00:00:00Z,NA,1814.09765625
Mathira,KE019096,NA,Mathira East,Mathira West,Nyeri,KE019,Kenya,KE,2017-11-03T00:00:00Z,2019-10-31T00:00:00Z,NA,457.9579467773438
Mukurweni,KE019098,NA,Mukurwe-ini,NA,Nyeri,KE019,Kenya,KE,2017-11-03T00:00:00Z,2019-10-31T00:00:00Z,NA,178.3589630126953
Nyeri Town,KE019099,NA,Nyeri Central,NA,Nyeri,KE019,Kenya,KE,2017-11-03T00:00:00Z,2019-10-31T00:00:00Z,NA,169.1946105957031
Othaya,KE019097,NA,NA,NA,Nyeri,KE019,Kenya,KE,2017-11-03T00:00:00Z,2019-10-31T00:00:00Z,NA,356.4499816894531
Tetu,KE019094,NA,NA,NA,Nyeri,KE019,Kenya,KE,2017-11-03T00:00:00Z,2019-10-31T00:00:00Z,NA,358.5135803222656
Samburu East,KE025135,NA,NA,NA,Samburu,KE025,Kenya,KE,2017-11-03T00:00:00Z,2019-10-31T00:00:00Z,NA,10059.125
Samburu North,KE025134,NA,NA,NA,Samburu,KE025,Kenya,KE,2017-11-03T00:00:00Z,2019-10-31T00:00:00Z,NA,8480.794921875
Samburu West,KE025133,NA,Samburu Central,NA,Samburu,KE025,Kenya,KE,2017-11-03T00:00:00Z,2019-10-31T00:00:00Z,NA,2475.748779296875
Alego Usonga,KE041234,NA,NA,NA,Siaya,KE041,Kenya,KE,2017-11-03T00:00:00Z,2019-10-31T00:00:00Z,NA,607.5421142578125
Bondo,KE041236,NA,NA,NA,Siaya,KE041,Kenya,KE,2017-11-03T00:00:00Z,2019-10-31T00:00:00Z,NA,1310.514282226562
Gem,KE041235,NA,NA,NA,Siaya,KE041,Kenya,KE,2017-11-03T00:00:00Z,2019-10-31T00:00:00Z,NA,402.9761962890625
Rarieda,KE041237,NA,NA,NA,Siaya,KE041,Kenya,KE,2017-11-03T00:00:00Z,2019-10-31T00:00:00Z,NA,679.16339111328125
Ugenya,KE041232,NA,NA,NA,Siaya,KE041,Kenya,KE,2017-11-03T00:00:00Z,2019-10-31T00:00:00Z,NA,321.0593566894531
Ugunja,KE041233,NA,NA,NA,Siaya,KE041,Kenya,KE,2017-11-03T00:00:00Z,2019-10-31T00:00:00Z,NA,199.1775512695312
Mwatate,KE006025,NA,NA,NA,Taita Taveta,KE006,Kenya,KE,2017-11-03T00:00:00Z,2019-10-31T00:00:00Z,NA,3691.552001953125
Taveta,KE006023,NA,NA,NA,Taita Taveta,KE006,Kenya,KE,2017-11-03T00:00:00Z,2019-10-31T00:00:00Z,NA,4007.269775390625
Voi,KE006026,NA,NA,NA,Taita Taveta,KE006,Kenya,KE,2017-11-03T00:00:00Z,2019-10-31T00:00:00Z,NA,8581.29296875
Wundanyi,KE006024,NA,Taita,NA,Taita Taveta,KE006,Kenya,KE,2017-11-03T00:00:00Z,2019-10-31T00:00:00Z,NA,850.9522705078125
Bura,KE004020,NA,Tana North,NA,Tana River,KE004,Kenya,KE,2017-11-03T00:00:00Z,2019-10-31T00:00:00Z,NA,13602.5595703125
Galole,KE004019,NA,Tana River,NA,Tana River,KE004,Kenya,KE,2017-11-03T00:00:00Z,2019-10-31T00:00:00Z,NA,9687.2470703125
Garsen,KE004018,NA,Tana Delta,NA,Tana River,KE004,Kenya,KE,2017-11-03T00:00:00Z,2019-10-31T00:00:00Z,NA,15902.3603515625
Maara,KE013061,NA,Igambang'ombe,NA,Tharaka-Nithi,KE013,Kenya,KE,2017-11-03T00:00:00Z,2019-10-31T00:00:00Z,NA,504.8777465820312
Nithi,KE013060,NA,Nithi,Meru South,Tharaka-Nithi,KE013,Kenya,KE,2017-11-03T00:00:00Z,2019-10-31T00:00:00Z,NA,598.16815185546875
Tharaka,KE013062,NA,Tharaka North,Tharaka South,Tharaka-Nithi,KE013,Kenya,KE,2017-11-03T00:00:00Z,2019-10-31T00:00:00Z,NA,1477.947387695312
Cherangany,KE026140,NA,Trans Nzoia East,NA,Trans Nzoia,KE026,Kenya,KE,2017-11-03T00:00:00Z,2019-10-31T00:00:00Z,NA,627.54541015625
Endebess,KE026137,NA,Trans Nzoia West,NA,Trans Nzoia,KE026,Kenya,KE,2017-11-03T00:00:00Z,2019-10-31T00:00:00Z,NA,668.9114990234375
Kiminini,KE026139,NA,NA,NA,Trans Nzoia,KE026,Kenya,KE,2017-11-03T00:00:00Z,2019-10-31T00:00:00Z,NA,368.6295776367188
Kwanza,KE026136,NA,NA,NA,Trans Nzoia,KE026,Kenya,KE,2017-11-03T00:00:00Z,2019-10-31T00:00:00Z,NA,464.8059387207031
Saboti,KE026138,NA,NA,NA,Trans Nzoia,KE026,Kenya,KE,2017-11-03T00:00:00Z,2019-10-31T00:00:00Z,NA,354.8114624023438
Loima,KE023126,NA,NA,NA,Turkana,KE023,Kenya,KE,2017-11-03T00:00:00Z,2019-10-31T00:00:00Z,NA,9746.0419921875
Turkana Central,KE023125,NA,NA,NA,Turkana,KE023,Kenya,KE,2017-11-03T00:00:00Z,2019-10-31T00:00:00Z,NA,6615.802734375
Turkana East,KE023128,NA,NA,NA,Turkana,KE023,Kenya,KE,2017-11-03T00:00:00Z,2019-10-31T00:00:00Z,NA,11183.869140625
Turkana North,KE023123,NA,Kibish,NA,Turkana,KE023,Kenya,KE,2017-11-03T00:00:00Z,2019-10-31T00:00:00Z,NA,20482.232421875
Turkana South,KE023127,NA,NA,NA,Turkana,KE023,Kenya,KE,2017-11-03T00:00:00Z,2019-10-31T00:00:00Z,NA,7419.5517578125
Turkana West,KE023124,NA,NA,NA,Turkana,KE023,Kenya,KE,2017-11-03T00:00:00Z,2019-10-31T00:00:00Z,NA,14684.2412109375
Ainabkoi,KE027144,NA,NA,NA,Uasin Gishu,KE027,Kenya,KE,2017-11-03T00:00:00Z,2019-10-31T00:00:00Z,NA,502.5619201660156
Kapseret,KE027145,NA,NA,NA,Uasin Gishu,KE027,Kenya,KE,2017-11-03T00:00:00Z,2019-10-31T00:00:00Z,NA,357.1617126464844
Kesses,KE027146,NA,NA,NA,Uasin Gishu,KE027,Kenya,KE,2017-11-03T00:00:00Z,2019-10-31T00:00:00Z,NA,670.762939453125
Moiben,KE027143,NA,NA,NA,Uasin Gishu,KE027,Kenya,KE,2017-11-03T00:00:00Z,2019-10-31T00:00:00Z,NA,775.850341796875
Soy,KE027141,NA,NA,NA,Uasin Gishu,KE027,Kenya,KE,2017-11-03T00:00:00Z,2019-10-31T00:00:00Z,NA,655.44439697265625
Turbo,KE027142,NA,NA,NA,Uasin Gishu,KE027,Kenya,KE,2017-11-03T00:00:00Z,2019-10-31T00:00:00Z,NA,435.0576477050781
Emuhaya,KE038215,NA,NA,NA,Vihiga,KE038,Kenya,KE,2017-11-03T00:00:00Z,2019-10-31T00:00:00Z,NA,89.18224334716797
Hamisi,KE038213,NA,NA,NA,Vihiga,KE038,Kenya,KE,2017-11-03T00:00:00Z,2019-10-31T00:00:00Z,NA,186.6544952392578
Luanda,KE038214,NA,NA,NA,Vihiga,KE038,Kenya,KE,2017-11-03T00:00:00Z,2019-10-31T00:00:00Z,NA,83.61746978759766
Sabatia,KE038212,NA,NA,NA,Vihiga,KE038,Kenya,KE,2017-11-03T00:00:00Z,2019-10-31T00:00:00Z,NA,111.4894485473633
Vihiga,KE038211,NA,NA,NA,Vihiga,KE038,Kenya,KE,2017-11-03T00:00:00Z,2019-10-31T00:00:00Z,NA,89.52488708496094
Eldas,KE008037,NA,NA,NA,Wajir,KE008,Kenya,KE,2017-11-03T00:00:00Z,2019-10-31T00:00:00Z,NA,4740.82861328125
Tarbaj,KE008035,NA,NA,NA,Wajir,KE008,Kenya,KE,2017-11-03T00:00:00Z,2019-10-31T00:00:00Z,NA,7544.37255859375
Wajir East,KE008034,NA,Sabuli,NA,Wajir,KE008,Kenya,KE,2017-11-03T00:00:00Z,2019-10-31T00:00:00Z,NA,4279.57763671875
Wajir North,KE008033,NA,Bute,Buna,Wajir,KE008,Kenya,KE,2017-11-03T00:00:00Z,2019-10-31T00:00:00Z,NA,10398.869140625
Wajir South,KE008038,NA,Habasweine,NA,Wajir,KE008,Kenya,KE,2017-11-03T00:00:00Z,2019-10-31T00:00:00Z,NA,21580.619140625
Wajir West,KE008036,NA,NA,NA,Wajir,KE008,Kenya,KE,2017-11-03T00:00:00Z,2019-10-31T00:00:00Z,NA,8124.3203125
Kacheliba,KE024131,NA,Pokot North,North Pokot,West Pokot,KE024,Kenya,KE,2017-11-03T00:00:00Z,2019-10-31T00:00:00Z,NA,4110.89697265625
Kapenguria,KE024129,NA,NA,NA,West Pokot,KE024,Kenya,KE,2017-11-03T00:00:00Z,2019-10-31T00:00:00Z,NA,1776.116821289062
Pokot South,KE024132,NA,NA,NA,West Pokot,KE024,Kenya,KE,2017-11-03T00:00:00Z,2019-10-31T00:00:00Z,NA,1267.747192382812
Sigor,KE024130,NA,Pokot Central,NA,West Pokot,KE024,Kenya,KE,2017-11-03T00:00:00Z,2019-10-31T00:00:00Z,NA,2150.747802734375
